Variable,Technique,Type,Category_Adherence,Category_Proportions
IMMIG,REAL,categorical,,"1.0: 71.1%, 2.0: 10.2%, 3.0: 18.7%"
IMMIG,CTGAN,categorical,1.000,"1: 64.1%, 2: 13.3%, 3: 22.7%"
IMMIG,GReaT,categorical,1.000,"1: 74.7%, 2: 6.2%, 3: 19.0%"
IMMIG,PredLLM,categorical,1.000,"1: 81.4%, 2: 5.6%, 3: 13.0%"
IMMIG,REaLTabFormer,categorical,1.000,"1: 66.6%, 2: 10.2%, 3: 23.2%"
IMMIG,TabDiff,categorical,1.000,"1: 70.7%, 2: 9.9%, 3: 19.4%"
IMMIG,TabSyn,categorical,1.000,"1: 81.9%, 2: 6.7%, 3: 11.4%"
IMMIG,Tabula,categorical,1.000,"1: 71.0%, 2: 6.6%, 3: 22.5%"
IMMIG,TapTap,categorical,1.000,"1: 79.2%, 2: 6.8%, 3: 14.0%"
MISCED,REAL,ordinal,,"1.0: 1.2%, 2.0: 1.6%, 3.0: 3.2%, 4.0: 13.0%, 6.0: 12.9%, 7.0: 14.6%, 8.0: 24.6%, 9.0: 21.1%, 10.0: 7.8%"
MISCED,CTGAN,ordinal,1.000,"1: 1.9%, 2: 2.3%, 3: 4.3%, 4: 12.9%, 6: 11.3%, 7: 12.4%, 8: 20.9%, 9: 24.9%, 10: 9.1%"
MISCED,GReaT,ordinal,1.000,"1: 0.2%, 2: 0.7%, 3: 1.5%, 4: 7.8%, 5: 0.0%, 6: 11.5%, 7: 13.3%, 8: 34.9%, 9: 25.3%, 10: 4.9%"
MISCED,PredLLM,ordinal,1.000,"1: 0.6%, 2: 0.4%, 3: 2.5%, 4: 13.6%, 5: 0.0%, 6: 13.9%, 7: 17.7%, 8: 28.1%, 9: 19.4%, 10: 3.7%"
MISCED,REaLTabFormer,ordinal,1.000,"1: 1.1%, 2: 1.2%, 3: 12.7%, 4: 22.1%, 6: 7.8%, 7: 18.4%, 8: 15.6%, 9: 10.6%, 10: 10.4%"
MISCED,TabDiff,ordinal,1.000,"1: 1.2%, 2: 1.4%, 3: 2.8%, 4: 14.3%, 6: 12.1%, 7: 13.9%, 8: 24.0%, 9: 22.6%, 10: 7.7%"
MISCED,TabSyn,ordinal,1.000,"1: 0.3%, 2: 2.3%, 3: 1.9%, 4: 9.3%, 6: 15.3%, 7: 13.6%, 8: 23.3%, 9: 27.2%, 10: 6.8%"
MISCED,Tabula,ordinal,1.000,"1: 0.3%, 2: 0.2%, 3: 0.8%, 4: 7.5%, 6: 7.1%, 7: 12.0%, 8: 36.1%, 9: 30.9%, 10: 4.9%"
MISCED,TapTap,ordinal,1.000,"1: 0.5%, 2: 0.8%, 3: 2.1%, 4: 15.6%, 6: 13.7%, 7: 15.1%, 8: 27.6%, 9: 19.0%, 10: 5.4%"
SC064Q01TA,REAL,ordinal,,"4.0: 3.2%, 5.0: 8.4%, 6.0: 6.7%, 10.0: 12.9%, 15.0: 10.7%, 20.0: 27.8%, 25.0: 4.0%, 30.0: 8.4%, 34.0: 4.6%, 40.0: 4.7%, 70.0: 8.8%"
SC064Q01TA,CTGAN,ordinal,0.358,"4.0: 3.0%, 5.0: 2.1%, 6.0: 3.5%, 7.0: 3.8%, 8.0: 4.4%, 9.0: 4.6%, 10.0: 3.4%, 11.0: 3.8%, 12.0: 2.6%, 13.0: 2.3%, 14.0: 1.8%, 15.0: 1.0%, 16.0: 0.9%, 17.0: 0.7%, 18.0: 0.9%, 19.0: 7.9%, 20.0: 13.1%, 21.0: 6.1%, 22.0: 1.2%, 23.0: 0.4%, 24.0: 0.5%, 25.0: 1.0%, 26.0: 1.1%, 27.0: 1.3%, 28.0: 1.4%, 29.0: 1.7%, 30.0: 2.0%, 31.0: 2.1%, 32.0: 2.3%, 33.0: 1.6%, 34.0: 1.6%, 35.0: 1.2%, 36.0: 1.2%, 37.0: 0.9%, 38.0: 0.7%, 39.0: 0.6%, 40.0: 0.6%, 41.0: 0.4%, 42.0: 0.3%, 43.0: 0.2%, 44.0: 0.2%, 45.0: 0.1%, 46.0: 0.1%, 47.0: 0.0%, 58.0: 0.0%, 59.0: 0.0%, 61.0: 0.0%, 62.0: 0.2%, 63.0: 0.2%, 64.0: 0.4%, 65.0: 0.5%, 66.0: 0.6%, 67.0: 0.7%, 68.0: 1.1%, 69.0: 1.1%, 70.0: 4.5%"
SC064Q01TA,GReaT,ordinal,1.000,"4.0: 0.7%, 5.0: 7.2%, 6.0: 8.6%, 10.0: 13.4%, 15.0: 10.4%, 20.0: 27.9%, 25.0: 3.2%, 30.0: 7.8%, 34.0: 3.5%, 40.0: 5.8%, 70.0: 11.4%"
SC064Q01TA,PredLLM,ordinal,0.000,"3.9432977589132783: 3.2%, 4.992090109360966: 6.8%, 6.040882459808653: 11.5%, 10.061253136524792: 11.6%, 14.955617438614002: 15.1%, 20.024780465777827: 33.3%, 22.47196261682243: 0.8%, 24.919144767867035: 4.1%, 29.98830779503086: 3.7%, 34.008678471747: 0.3%, 39.951835124283896: 0.9%, 70.01721583711762: 8.7%"
SC064Q01TA,REaLTabFormer,ordinal,0.000,"2.5449079583163616: 0.0%, 3.9432977589132783: 1.1%, 4.992090109360966: 13.1%, 6.040882459808653: 10.3%, 10.061253136524792: 8.1%, 14.955617438614002: 7.4%, 20.024780465777827: 31.5%, 22.47196261682243: 0.0%, 24.919144767867035: 7.3%, 29.98830779503086: 8.0%, 32.959886121299306: 0.0%, 33.65908102159777: 0.0%, 34.008678471747: 5.4%, 39.951835124283896: 0.0%, 70.01721583711762: 7.8%"
SC064Q01TA,TabDiff,ordinal,1.000,"4: 3.1%, 5: 8.4%, 6: 6.6%, 10: 13.7%, 15: 9.5%, 20: 28.2%, 25: 3.9%, 30: 8.3%, 34: 5.0%, 40: 4.3%, 70: 9.0%"
SC064Q01TA,TabSyn,ordinal,1.000,"4: 2.2%, 5: 6.9%, 6: 6.4%, 10: 11.6%, 15: 12.0%, 20: 28.6%, 25: 4.6%, 30: 8.8%, 34: 5.1%, 40: 5.2%, 70: 8.5%"
SC064Q01TA,Tabula,ordinal,1.000,"4.0: 0.7%, 5.0: 8.2%, 6.0: 8.6%, 10.0: 12.1%, 15.0: 8.8%, 20.0: 26.7%, 25.0: 4.1%, 30.0: 5.9%, 34.0: 5.6%, 40.0: 4.8%, 70.0: 14.4%, 90.0: 0.0%"
SC064Q01TA,TapTap,ordinal,0.000,"3.995737376: 3.7%, 4.992090109: 8.6%, 6.005922715: 7.7%, 9.991333646: 14.5%, 15.00805706: 11.4%, 20.00730059: 29.1%, 25.00654413: 3.0%, 30.00578767: 7.1%, 34.00867847: 4.7%, 39.95707909: 0.0%, 40.00427474: 3.3%, 69.99973596: 6.8%"
SC064Q02TA,REAL,ordinal,,"10.0: 4.3%, 20.0: 8.6%, 30.0: 4.7%, 50.0: 6.4%, 70.0: 4.3%, 75.0: 4.2%, 80.0: 6.4%, 90.0: 8.8%, 98.0: 3.5%, 100.0: 48.7%"
SC064Q02TA,CTGAN,ordinal,0.438,"10.0: 0.6%, 11.0: 0.2%, 12.0: 0.3%, 13.0: 0.4%, 14.0: 0.5%, 15.0: 0.8%, 16.0: 0.9%, 17.0: 1.1%, 18.0: 1.0%, 19.0: 1.2%, 20.0: 1.2%, 21.0: 1.2%, 22.0: 0.9%, 23.0: 0.8%, 24.0: 1.0%, 25.0: 0.9%, 26.0: 0.8%, 27.0: 0.8%, 28.0: 0.4%, 29.0: 0.3%, 30.0: 0.2%, 31.0: 0.2%, 32.0: 0.1%, 33.0: 0.1%, 34.0: 0.1%, 35.0: 0.0%, 36.0: 0.0%, 37.0: 0.1%, 38.0: 0.0%, 39.0: 0.1%, 41.0: 0.0%, 42.0: 0.0%, 43.0: 0.1%, 44.0: 0.2%, 45.0: 0.1%, 46.0: 0.2%, 47.0: 0.4%, 48.0: 0.5%, 49.0: 0.6%, 50.0: 0.5%, 51.0: 0.8%, 52.0: 0.6%, 53.0: 0.4%, 54.0: 0.5%, 55.0: 0.2%, 56.0: 0.1%, 57.0: 0.0%, 58.0: 0.0%, 59.0: 0.0%, 62.0: 0.0%, 65.0: 0.0%, 66.0: 0.1%, 67.0: 0.1%, 68.0: 0.2%, 69.0: 0.3%, 70.0: 0.3%, 71.0: 0.3%, 72.0: 0.4%, 73.0: 0.8%, 74.0: 1.0%, 75.0: 1.1%, 76.0: 1.4%, 77.0: 1.2%, 78.0: 1.3%, 79.0: 1.7%, 80.0: 1.6%, 81.0: 1.5%, 82.0: 1.9%, 83.0: 2.0%, 84.0: 1.6%, 85.0: 1.1%, 86.0: 1.1%, 87.0: 1.4%, 88.0: 0.8%, 89.0: 0.9%, 90.0: 0.6%, 91.0: 0.5%, 92.0: 0.3%, 93.0: 0.3%, 94.0: 0.5%, 95.0: 0.1%, 96.0: 0.3%, 97.0: 1.0%, 98.0: 4.6%, 99.0: 12.7%, 100.0: 33.1%"
SC064Q02TA,GReaT,ordinal,1.000,"10.0: 4.1%, 20.0: 11.4%, 30.0: 5.9%, 50.0: 5.3%, 70.0: 4.1%, 75.0: 3.1%, 80.0: 7.4%, 90.0: 8.5%, 98.0: 3.0%, 100.0: 47.3%"
SC064Q02TA,PredLLM,ordinal,0.000,"10.088509919671878: 5.7%, 19.765641468375662: 0.0%, 20.06805182927265: 11.2%, 30.047593738873424: 1.2%, 50.00667755807497: 8.8%, 56.35729513691182: 0.0%, 56.659705497808815: 0.0%, 69.96576137727651: 3.2%, 75.1067375125254: 7.4%, 78.13084112149532: 0.9%, 79.94530328687728: 6.5%, 89.92484519647806: 6.9%, 98.08992494069686: 2.8%, 99.9043871060788: 45.3%"
SC064Q02TA,REaLTabFormer,ordinal,0.000,"10.088509919671878: 4.9%, 20.06805182927265: 6.7%, 20.67287255106664: 0.0%, 50.00667755807497: 8.2%, 56.35729513691182: 0.0%, 69.96576137727651: 5.4%, 70.57058209907049: 0.1%, 75.1067375125254: 4.2%, 76.31637895611337: 0.0%, 79.94530328687728: 6.3%, 89.92484519647806: 10.6%, 98.08992494069686: 3.6%, 99.9043871060788: 49.9%"
SC064Q02TA,TabDiff,ordinal,1.000,"10: 4.6%, 20: 8.6%, 30: 4.0%, 50: 5.7%, 70: 4.0%, 75: 4.1%, 80: 7.2%, 90: 8.8%, 98: 4.3%, 100: 48.6%"
SC064Q02TA,TabSyn,ordinal,1.000,"10: 3.2%, 20: 8.7%, 30: 5.0%, 50: 6.0%, 70: 3.3%, 75: 5.0%, 80: 6.9%, 90: 9.9%, 98: 3.6%, 100: 48.4%"
SC064Q02TA,Tabula,ordinal,1.000,"10.0: 5.5%, 15.0: 0.0%, 20.0: 10.9%, 30.0: 5.2%, 50.0: 6.1%, 70.0: 6.6%, 75.0: 2.5%, 80.0: 2.3%, 90.0: 7.9%, 98.0: 5.9%, 100.0: 47.1%"
SC064Q02TA,TapTap,ordinal,0.000,"9.997786811: 4.0%, 20.00756976: 9.0%, 29.98711167: 3.2%, 30.59193239: 0.0%, 50.00667756: 6.5%, 66.27635497: 0.0%, 69.99600241: 2.5%, 74.98577337: 4.0%, 80.00578536: 6.4%, 81.27590887: 0.0%, 89.98532727: 7.7%, 97.99920183: 2.1%, 99.99511021: 54.3%"
SC064Q03TA,REAL,ordinal,,"1.0: 8.2%, 2.0: 27.2%, 3.0: 4.2%, 5.0: 32.7%, 6.0: 4.7%, 10.0: 8.6%, 16.0: 3.5%, 20.0: 6.7%, 30.0: 4.2%"
SC064Q03TA,CTGAN,ordinal,0.839,"1.0: 9.2%, 2.0: 26.3%, 3.0: 5.0%, 4.0: 1.5%, 5.0: 25.9%, 6.0: 5.0%, 7.0: 0.0%, 8.0: 0.1%, 9.0: 1.9%, 10.0: 6.7%, 11.0: 2.6%, 12.0: 0.0%, 13.0: 0.0%, 14.0: 0.2%, 15.0: 0.4%, 16.0: 1.2%, 17.0: 1.7%, 18.0: 1.9%, 19.0: 2.1%, 20.0: 1.6%, 21.0: 1.0%, 22.0: 0.6%, 23.0: 0.1%, 24.0: 0.1%, 25.0: 0.2%, 26.0: 0.2%, 27.0: 0.3%, 28.0: 0.4%, 29.0: 0.6%, 30.0: 2.8%"
SC064Q03TA,GReaT,ordinal,1.000,"1.0: 6.4%, 2.0: 29.9%, 3.0: 3.0%, 5.0: 32.4%, 6.0: 5.8%, 10.0: 12.8%, 16.0: 3.0%, 20.0: 4.0%, 30.0: 2.6%"
SC064Q03TA,PredLLM,ordinal,0.000,"1.0286824611174925: 11.5%, 2.006648732404673: 31.2%, 2.984615003691854: 0.7%, 5.010402279929586: 41.2%, 5.988368551216766: 1.0%, 6.686915887850467: 0.8%, 9.97008837002886: 4.3%, 15.977595465078686: 2.6%, 20.029170017554147: 6.4%, 30.018396931416063: 0.4%"
SC064Q03TA,REaLTabFormer,ordinal,0.000,"0.3301351244837924: 0.0%, 1.0286824611174925: 11.6%, 2.006648732404673: 23.0%, 2.984615003691854: 8.8%, 5.010402279929586: 34.0%, 5.988368551216766: 0.1%, 8.363429495771348: 0.0%, 9.97008837002886: 5.8%, 13.04369665121714: 0.0%, 15.977595465078686: 3.5%, 16.047450198742055: 0.1%, 16.955561736365865: 0.0%, 20.029170017554147: 8.7%, 30.018396931416063: 4.3%"
SC064Q03TA,TabDiff,ordinal,1.000,"1: 7.8%, 2: 26.3%, 3: 4.8%, 5: 32.5%, 6: 4.1%, 10: 9.1%, 16: 4.7%, 20: 6.3%, 30: 4.3%"
SC064Q03TA,TabSyn,ordinal,1.000,"1: 9.5%, 2: 25.0%, 3: 3.8%, 5: 32.1%, 6: 5.1%, 10: 8.7%, 16: 3.6%, 20: 7.7%, 30: 4.6%"
SC064Q03TA,Tabula,ordinal,0.999,"0.0: 0.0%, 1.0: 7.2%, 2.0: 32.0%, 2.9: 0.0%, 3.0: 5.0%, 5.0: 34.2%, 6.0: 5.2%, 8.0: 0.0%, 10.0: 6.5%, 16.0: 5.8%, 20.0: 3.4%, 30.0: 0.5%, 34.0: 0.0%, 40.0: 0.0%"
SC064Q03TA,TapTap,ordinal,0.000,"1.000740568: 7.1%, 1.999663259: 27.5%, 2.99858595: 3.8%, 5.003416807: 38.1%, 5.701964143: 0.0%, 6.002339498: 3.5%, 9.998030263: 8.5%, 15.99855189: 2.0%, 16.00064753: 0.0%, 20.00122812: 6.1%, 29.99744051: 3.4%"
SC064Q04NA,REAL,ordinal,,"1.0: 4.2%, 2.0: 15.5%, 3.0: 15.2%, 4.0: 3.2%, 5.0: 19.6%, 6.0: 4.7%, 8.0: 3.5%, 10.0: 12.5%, 15.0: 10.6%, 20.0: 6.7%, 26.0: 4.3%"
SC064Q04NA,CTGAN,ordinal,0.764,"1.0: 2.1%, 2.0: 14.6%, 3.0: 14.6%, 4.0: 4.8%, 5.0: 16.1%, 6.0: 7.8%, 7.0: 0.6%, 8.0: 1.4%, 9.0: 5.7%, 10.0: 7.9%, 11.0: 2.6%, 12.0: 0.2%, 13.0: 0.4%, 14.0: 2.0%, 15.0: 4.3%, 16.0: 2.5%, 17.0: 0.8%, 18.0: 0.6%, 19.0: 0.8%, 20.0: 1.2%, 21.0: 1.6%, 22.0: 1.8%, 23.0: 1.5%, 24.0: 1.3%, 25.0: 1.3%, 26.0: 1.6%"
SC064Q04NA,GReaT,ordinal,1.000,"1.0: 4.1%, 2.0: 19.1%, 3.0: 17.6%, 4.0: 0.7%, 5.0: 21.2%, 6.0: 5.9%, 8.0: 3.0%, 10.0: 12.4%, 15.0: 8.0%, 20.0: 4.0%, 26.0: 4.0%"
SC064Q04NA,PredLLM,ordinal,0.000,"1.0100230401517898: 5.6%, 1.9954860671508257: 23.1%, 2.980949094149862: 13.1%, 4.032109656282167: 2.9%, 4.623387472481589: 0.0%, 5.017572683281204: 19.1%, 6.00303571028024: 0.9%, 7.776869158878505: 0.8%, 7.973961764278312: 2.8%, 10.010585353409652: 13.1%, 15.003598023538103: 9.3%, 19.99661069366656: 6.4%, 25.97508639079404: 3.1%"
SC064Q04NA,REaLTabFormer,ordinal,0.000,"1.0100230401517898: 4.3%, 1.9954860671508257: 13.0%, 2.323973742817172: 0.0%, 2.980949094149862: 20.2%, 4.032109656282167: 1.0%, 5.017572683281204: 15.3%, 5.148967753547741: 0.0%, 6.00303571028024: 0.0%, 7.579776553478697: 0.0%, 7.973961764278312: 3.5%, 9.747795212876577: 0.0%, 10.010585353409652: 15.9%, 13.426857180339644: 0.1%, 13.558252250606184: 0.0%, 15.003598023538103: 12.4%, 15.20069062893791: 0.0%, 17.105919147802712: 0.0%, 19.99661069366656: 8.6%, 25.97508639079404: 5.4%"
SC064Q04NA,TabDiff,ordinal,1.000,"1: 3.6%, 2: 15.1%, 3: 15.7%, 4: 3.1%, 5: 20.5%, 6: 4.3%, 8: 4.4%, 10: 12.9%, 15: 10.1%, 20: 6.3%, 26: 4.1%"
SC064Q04NA,TabSyn,ordinal,1.000,"1: 3.4%, 2: 16.3%, 3: 14.0%, 4: 2.7%, 5: 21.5%, 6: 5.3%, 8: 3.5%, 10: 12.3%, 15: 10.5%, 20: 7.3%, 26: 3.3%"
SC064Q04NA,Tabula,ordinal,1.000,"1.0: 2.9%, 2.0: 18.9%, 3.0: 17.8%, 4.0: 0.9%, 5.0: 16.6%, 6.0: 5.3%, 8.0: 6.0%, 10.0: 15.1%, 15.0: 6.4%, 20.0: 3.6%, 26.0: 6.7%"
SC064Q04NA,TapTap,ordinal,0.000,"0.556710048: 0.0%, 0.996883533: 4.1%, 2.002055821: 16.6%, 3.000658355: 16.3%, 3.046646629: 0.0%, 3.999260889: 3.8%, 4.032109656: 0.0%, 4.997863423: 23.4%, 6.00303571: 3.6%, 8.000240778: 2.3%, 9.997445846: 11.3%, 14.99702827: 10.0%, 20.00318045: 6.2%, 25.77799379: 0.0%, 26.0013654: 2.3%"
SC064Q05WA,REAL,ordinal,,"2.0: 10.4%, 4.0: 6.7%, 5.0: 14.8%, 6.0: 3.2%, 10.0: 21.7%, 15.0: 4.2%, 20.0: 16.8%, 25.0: 6.5%, 28.0: 4.6%, 40.0: 4.7%, 70.0: 4.3%, 85.0: 2.1%"
SC064Q05WA,CTGAN,ordinal,0.409,"2.0: 6.3%, 3.0: 7.7%, 4.0: 8.7%, 5.0: 7.4%, 6.0: 4.1%, 7.0: 1.9%, 8.0: 1.5%, 9.0: 4.2%, 10.0: 7.1%, 11.0: 7.1%, 12.0: 3.0%, 13.0: 0.7%, 14.0: 0.4%, 15.0: 0.5%, 16.0: 0.8%, 17.0: 1.3%, 18.0: 1.7%, 19.0: 2.3%, 20.0: 2.4%, 21.0: 3.3%, 22.0: 3.1%, 23.0: 3.2%, 24.0: 2.9%, 25.0: 2.4%, 26.0: 2.2%, 27.0: 1.5%, 28.0: 1.0%, 29.0: 0.6%, 30.0: 0.4%, 31.0: 0.2%, 32.0: 0.1%, 33.0: 0.1%, 35.0: 0.0%, 36.0: 0.1%, 37.0: 0.1%, 38.0: 0.3%, 39.0: 0.2%, 40.0: 0.4%, 41.0: 0.6%, 42.0: 0.4%, 43.0: 0.3%, 44.0: 0.4%, 45.0: 0.4%, 46.0: 0.4%, 47.0: 0.1%, 48.0: 0.1%, 49.0: 0.1%, 50.0: 0.0%, 51.0: 0.0%, 55.0: 0.0%, 56.0: 0.0%, 57.0: 0.0%, 58.0: 0.0%, 59.0: 0.1%, 60.0: 0.1%, 61.0: 0.0%, 62.0: 0.1%, 63.0: 0.1%, 64.0: 0.2%, 65.0: 0.1%, 66.0: 0.2%, 67.0: 0.2%, 68.0: 0.1%, 69.0: 0.4%, 70.0: 0.2%, 71.0: 0.3%, 72.0: 0.2%, 73.0: 0.2%, 74.0: 0.4%, 75.0: 0.3%, 76.0: 0.5%, 77.0: 0.1%, 78.0: 0.3%, 79.0: 0.3%, 80.0: 0.1%, 81.0: 0.2%, 82.0: 0.2%, 83.0: 0.1%, 84.0: 0.2%, 85.0: 0.4%"
SC064Q05WA,GReaT,ordinal,1.000,"2.0: 11.6%, 4.0: 8.6%, 5.0: 12.5%, 6.0: 0.7%, 8.0: 0.0%, 10.0: 23.8%, 15.0: 3.2%, 20.0: 18.4%, 25.0: 7.1%, 28.0: 3.5%, 40.0: 5.9%, 70.0: 4.1%, 85.0: 0.5%"
SC064Q05WA,PredLLM,ordinal,0.000,"2.0190843748332004: 11.1%, 4.002747335538732: 11.2%, 4.904412317677609: 17.0%, 5.986410296244264: 3.0%, 9.593070224799778: 0.0%, 9.953736217655328: 21.4%, 14.281728131921945: 0.0%, 15.003060117633046: 7.7%, 17.167056074766354: 0.9%, 20.052384017610763: 13.8%, 24.921374921160705: 7.2%, 27.98703586043289: 0.5%, 37.00368568182168: 0.0%, 40.06934662109386: 0.8%, 70.00462402810462: 3.2%, 84.97226273160999: 1.9%"
SC064Q05WA,REaLTabFormer,ordinal,0.000,"2.0190843748332004: 9.8%, 3.1010823533998533: 0.0%, 4.002747335538732: 10.3%, 4.904412317677609: 21.1%, 5.986410296244264: 0.9%, 8.511072246233123: 0.1%, 9.953736217655328: 19.8%, 15.003060117633046: 4.3%, 20.052384017610763: 17.7%, 24.921374921160705: 3.1%, 27.98703586043289: 5.6%, 28.34770185328844: 0.0%, 28.52803484971622: 0.0%, 29.429699831855096: 0.0%, 30.33136481399397: 0.0%, 30.872363803277302: 0.2%, 32.31502777469951: 0.1%, 33.93802474254949: 0.2%, 70.00462402810462: 5.2%, 70.54562301738794: 0.0%, 84.97226273160999: 1.5%"
SC064Q05WA,TabDiff,ordinal,1.000,"2: 10.8%, 4: 6.4%, 5: 14.3%, 6: 3.0%, 10: 22.8%, 15: 4.3%, 20: 17.7%, 25: 5.4%, 28: 5.2%, 40: 4.1%, 70: 3.9%, 85: 2.2%"
SC064Q05WA,TabSyn,ordinal,1.000,"2: 9.8%, 4: 6.4%, 5: 13.3%, 6: 2.5%, 10: 21.8%, 15: 4.7%, 20: 18.7%, 25: 7.4%, 28: 5.0%, 40: 5.1%, 70: 3.3%, 85: 1.9%"
SC064Q05WA,Tabula,ordinal,1.000,"2.0: 14.5%, 4.0: 8.3%, 5.0: 14.5%, 6.0: 1.3%, 10.0: 17.1%, 15.0: 2.4%, 20.0: 18.1%, 25.0: 6.3%, 28.0: 5.4%, 40.0: 5.2%, 70.0: 6.6%, 85.0: 0.1%"
SC064Q05WA,TapTap,ordinal,0.000,"0.396087407: 0.0%, 2.001051075: 9.9%, 4.002747336: 7.7%, 4.994578816: 16.1%, 6.004443596: 3.7%, 10.00783612: 24.5%, 15.00306012: 4.2%, 19.99828412: 14.9%, 23.24427805: 0.0%, 24.99350812: 6.9%, 28.00506916: 4.6%, 39.99721342: 3.3%, 70.00462403: 2.5%, 85.00832933: 1.7%"
SC064Q06WA,REAL,ordinal,,"3.0: 3.5%, 4.0: 6.7%, 10.0: 11.2%, 15.0: 6.4%, 20.0: 19.7%, 30.0: 4.2%, 33.0: 3.2%, 50.0: 6.5%, 70.0: 8.5%, 80.0: 8.2%, 90.0: 4.6%, 100.0: 17.3%"
SC064Q06WA,CTGAN,ordinal,0.224,"3.0: 2.3%, 4.0: 1.2%, 5.0: 0.9%, 6.0: 1.2%, 7.0: 1.6%, 8.0: 1.5%, 9.0: 2.1%, 10.0: 2.0%, 11.0: 2.3%, 12.0: 2.4%, 13.0: 2.6%, 14.0: 2.5%, 15.0: 3.0%, 16.0: 2.7%, 17.0: 2.7%, 18.0: 2.5%, 19.0: 2.5%, 20.0: 1.8%, 21.0: 2.0%, 22.0: 2.0%, 23.0: 1.5%, 24.0: 1.6%, 25.0: 1.2%, 26.0: 1.2%, 27.0: 1.2%, 28.0: 0.8%, 29.0: 0.4%, 30.0: 0.6%, 31.0: 0.5%, 32.0: 0.3%, 33.0: 0.4%, 34.0: 0.4%, 35.0: 0.2%, 36.0: 0.2%, 37.0: 0.2%, 38.0: 0.1%, 39.0: 0.0%, 40.0: 0.1%, 41.0: 0.1%, 42.0: 0.1%, 43.0: 0.2%, 44.0: 0.3%, 45.0: 0.2%, 46.0: 0.2%, 47.0: 0.5%, 48.0: 0.5%, 49.0: 0.5%, 50.0: 0.6%, 51.0: 0.3%, 52.0: 0.5%, 53.0: 0.4%, 54.0: 0.4%, 55.0: 0.4%, 56.0: 0.2%, 57.0: 0.2%, 58.0: 0.2%, 59.0: 0.1%, 60.0: 0.2%, 61.0: 0.1%, 62.0: 0.2%, 63.0: 0.1%, 64.0: 0.2%, 65.0: 0.2%, 66.0: 0.3%, 67.0: 0.3%, 68.0: 0.4%, 69.0: 0.8%, 70.0: 0.5%, 71.0: 1.0%, 72.0: 1.1%, 73.0: 1.0%, 74.0: 1.4%, 75.0: 1.6%, 76.0: 1.1%, 77.0: 1.3%, 78.0: 1.0%, 79.0: 0.8%, 80.0: 1.1%, 81.0: 0.8%, 82.0: 0.7%, 83.0: 0.7%, 84.0: 0.5%, 85.0: 0.5%, 86.0: 0.6%, 87.0: 0.4%, 88.0: 0.4%, 89.0: 0.4%, 90.0: 0.7%, 91.0: 0.9%, 92.0: 1.1%, 93.0: 1.3%, 94.0: 1.3%, 95.0: 1.4%, 96.0: 1.9%, 97.0: 1.4%, 98.0: 1.6%, 99.0: 1.6%, 100.0: 8.2%"
SC064Q06WA,GReaT,ordinal,0.999,"3.0: 3.0%, 4.0: 8.6%, 5.0: 0.1%, 10.0: 12.7%, 15.0: 5.3%, 20.0: 24.8%, 23.0: 0.0%, 30.0: 3.5%, 33.0: 0.7%, 50.0: 7.1%, 70.0: 7.3%, 80.0: 8.3%, 90.0: 3.5%, 100.0: 15.1%"
SC064Q06WA,PredLLM,ordinal,0.000,"3.015865958445432: 2.8%, 4.087490337521686: 11.5%, 10.160028485620415: 14.7%, 15.160942254642904: 8.9%, 20.1618560236654: 21.7%, 25.51997791904663: 0.0%, 30.163683561710368: 5.5%, 31.94972419350411: 0.0%, 33.021348572580365: 3.1%, 41.59434360519034: 0.0%, 45.88084112149533: 1.0%, 50.16733863780032: 7.8%, 70.17099371389027: 11.4%, 76.60073998834775: 0.0%, 80.17282125193525: 7.4%, 90.17464878998022: 4.1%"
SC064Q06WA,REaLTabFormer,ordinal,0.000,"0.872617200292936: 0.0%, 3.015865958445432: 3.5%, 4.087490337521686: 10.3%, 8.01677972746792: 0.0%, 10.160028485620415: 11.2%, 15.160942254642904: 8.2%, 20.1618560236654: 13.1%, 29.80647543535162: 2.0%, 33.021348572580365: 1.0%, 50.16733863780032: 3.2%, 58.74033367041029: 0.0%, 64.09845556579154: 0.0%, 70.17099371389027: 9.7%, 71.59982621932527: 0.0%, 79.8156131255765: 11.0%, 81.60165375737024: 0.0%, 88.74581628454523: 0.0%, 89.10302441090397: 0.0%, 90.17464878998022: 7.0%, 99.81926820166646: 19.7%"
SC064Q06WA,TabDiff,ordinal,1.000,"3: 4.5%, 4: 6.4%, 10: 10.1%, 15: 5.8%, 20: 19.9%, 30: 4.8%, 33: 3.0%, 50: 5.3%, 70: 8.5%, 80: 8.1%, 90: 4.4%, 100: 19.1%"
SC064Q06WA,TabSyn,ordinal,1.000,"3: 3.5%, 4: 6.4%, 10: 9.7%, 15: 6.1%, 20: 20.7%, 30: 4.1%, 33: 2.5%, 50: 7.5%, 70: 7.9%, 80: 9.1%, 90: 5.5%, 100: 17.0%"
SC064Q06WA,Tabula,ordinal,1.000,"3.0: 6.0%, 4.0: 8.0%, 10.0: 14.6%, 15.0: 6.0%, 20.0: 18.5%, 30.0: 2.0%, 33.0: 1.1%, 50.0: 6.0%, 70.0: 9.2%, 80.0: 9.0%, 90.0: 3.3%, 100.0: 16.3%"
SC064Q06WA,TapTap,ordinal,0.000,"3.015865958: 2.3%, 4.016048712: 7.5%, 8.73119598: 0.0%, 10.01714524: 12.0%, 14.98233819: 6.7%, 19.91181034: 0.0%, 19.98325196: 20.1%, 29.9850795: 6.2%, 32.98562776: 3.9%, 49.98873457: 7.0%, 69.99238965: 6.7%, 71.77843028: 0.0%, 79.99421719: 6.7%, 80.0120776: 0.0%, 89.99604473: 4.3%, 99.99787226: 16.4%"
SC064Q07WA,REAL,ordinal,,"1.0: 15.4%, 2.0: 12.9%, 3.0: 8.5%, 4.0: 3.2%, 5.0: 15.2%, 6.0: 4.6%, 7.0: 4.3%, 10.0: 10.3%, 15.0: 6.4%, 16.0: 3.5%, 30.0: 4.2%, 48.0: 6.9%, 100.0: 4.7%"
SC064Q07WA,CTGAN,ordinal,0.720,"1.0: 10.9%, 2.0: 12.0%, 3.0: 15.6%, 4.0: 11.6%, 5.0: 7.0%, 6.0: 3.8%, 7.0: 2.5%, 8.0: 1.8%, 9.0: 1.7%, 10.0: 2.1%, 11.0: 2.6%, 12.0: 2.4%, 13.0: 2.4%, 14.0: 1.8%, 15.0: 1.4%, 16.0: 1.5%, 17.0: 0.9%, 18.0: 0.5%, 19.0: 0.4%, 20.0: 0.4%, 21.0: 0.1%, 22.0: 0.0%, 23.0: 0.1%, 24.0: 0.0%, 25.0: 0.2%, 26.0: 0.5%, 27.0: 0.4%, 28.0: 0.6%, 29.0: 0.6%, 30.0: 0.7%, 31.0: 0.6%, 32.0: 0.3%, 33.0: 0.3%, 34.0: 0.2%, 35.0: 0.3%, 36.0: 0.1%, 37.0: 0.2%, 38.0: 0.0%, 39.0: 0.1%, 40.0: 0.1%, 41.0: 0.3%, 42.0: 0.4%, 43.0: 0.4%, 44.0: 0.4%, 45.0: 0.6%, 46.0: 0.7%, 47.0: 0.7%, 48.0: 0.6%, 49.0: 0.5%, 50.0: 0.5%, 51.0: 0.5%, 52.0: 0.4%, 53.0: 0.3%, 54.0: 0.1%, 55.0: 0.2%, 56.0: 0.1%, 57.0: 0.0%, 59.0: 0.0%, 60.0: 0.0%, 73.0: 0.0%, 74.0: 0.0%, 77.0: 0.0%, 78.0: 0.0%, 80.0: 0.0%, 81.0: 0.0%, 82.0: 0.0%, 84.0: 0.0%, 85.0: 0.1%, 86.0: 0.0%, 87.0: 0.2%, 89.0: 0.2%, 90.0: 0.2%, 91.0: 0.0%, 92.0: 0.1%, 93.0: 0.2%, 94.0: 0.2%, 95.0: 0.1%, 96.0: 0.1%, 97.0: 0.2%, 98.0: 0.3%, 99.0: 0.1%, 100.0: 2.4%"
SC064Q07WA,GReaT,ordinal,1.000,"1.0: 15.4%, 2.0: 16.5%, 3.0: 7.1%, 4.0: 0.7%, 5.0: 18.4%, 6.0: 3.6%, 7.0: 5.8%, 10.0: 6.3%, 15.0: 5.3%, 16.0: 3.0%, 30.0: 3.4%, 48.0: 8.5%, 100.0: 5.9%"
SC064Q07WA,PredLLM,ordinal,0.000,"1.0104670729056355: 19.9%, 1.916684500811256: 14.4%, 3.049456285693285: 5.3%, 3.955673713598907: 3.2%, 5.088445498480933: 19.0%, 5.994662926386556: 4.1%, 6.900880354292178: 0.3%, 10.072641351961854: 7.6%, 11.658521850796692: 0.0%, 13.924065420560748: 1.1%, 15.056837205442775: 8.5%, 15.963054633348396: 2.9%, 16.189608990324803: 0.0%, 20.94725048682932: 0.0%, 22.75968534264056: 0.0%, 30.009424765885537: 5.0%, 35.67328369029568: 0.0%, 38.84504468796536: 0.0%, 47.90721896702158: 8.3%, 48.36032768097438: 0.0%"
SC064Q07WA,REaLTabFormer,ordinal,0.000,"1.0104670729056355: 20.1%, 1.916684500811256: 10.3%, 3.049456285693285: 14.2%, 3.276010642669691: 0.0%, 3.729119356622501: 0.0%, 3.955673713598907: 1.0%, 5.088445498480933: 12.7%, 5.541554212433745: 0.0%, 5.994662926386556: 6.9%, 6.900880354292178: 1.2%, 10.072641351961854: 13.3%, 10.978858779867476: 0.0%, 15.056837205442775: 8.0%, 15.509945919395586: 0.0%, 15.736500276371991: 0.0%, 15.963054633348396: 3.7%, 22.75968534264056: 0.0%, 30.009424765885537: 2.0%, 32.04841397867319: 0.0%, 46.54789282516313: 0.0%, 47.90721896702158: 6.3%, 48.58688203795079: 0.0%, 93.89775343323188: 0.0%"
SC064Q07WA,TabDiff,ordinal,1.000,"1: 15.8%, 2: 13.1%, 3: 8.9%, 4: 3.1%, 5: 15.0%, 6: 4.4%, 7: 4.3%, 10: 10.6%, 15: 5.7%, 16: 4.6%, 30: 4.4%, 48: 6.1%, 100: 4.1%"
SC064Q07WA,TabSyn,ordinal,1.000,"1: 16.1%, 2: 12.6%, 3: 7.0%, 4: 2.5%, 5: 15.3%, 6: 5.7%, 7: 4.3%, 10: 11.5%, 15: 6.0%, 16: 3.5%, 30: 4.1%, 48: 6.4%, 100: 5.2%"
SC064Q07WA,Tabula,ordinal,1.000,"1.0: 17.0%, 2.0: 15.7%, 3.0: 11.8%, 4.0: 0.9%, 5.0: 14.1%, 6.0: 3.1%, 7.0: 4.4%, 10.0: 5.4%, 15.0: 6.1%, 16.0: 5.8%, 30.0: 1.9%, 48.0: 8.6%, 100.0: 5.1%"
SC064Q07WA,TapTap,ordinal,0.000,"1.010467073: 17.2%, 2.007306244: 13.2%, 3.004145414: 6.6%, 3.276010643: 0.0%, 4.000984585: 3.7%, 4.997823756: 16.8%, 5.541554212: 0.0%, 5.994662926: 4.3%, 6.44777164: 0.0%, 6.991502097: 4.0%, 10.00467504: 8.7%, 14.9888709: 6.7%, 16.0083655: 2.3%, 29.21648452: 0.0%, 30.00942477: 5.9%, 47.99784071: 7.3%, 99.99206564: 3.3%"
ST001D01T,REAL,categorical,,"8.0: 0.7%, 9.0: 7.7%, 10.0: 90.9%, 11.0: 0.7%"
ST001D01T,CTGAN,categorical,1.000,"8: 3.4%, 9: 13.2%, 10: 80.2%, 11: 3.2%"
ST001D01T,GReaT,categorical,1.000,"8: 0.0%, 9: 5.5%, 10: 94.1%, 11: 0.4%"
ST001D01T,PredLLM,categorical,1.000,"8: 0.3%, 9: 3.6%, 10: 95.9%, 11: 0.1%"
ST001D01T,REaLTabFormer,categorical,1.000,"8: 0.3%, 9: 6.6%, 10: 92.8%, 11: 0.3%"
ST001D01T,TabDiff,categorical,1.000,"8: 0.4%, 9: 6.7%, 10: 92.1%, 11: 0.7%"
ST001D01T,TabSyn,categorical,1.000,"8: 0.2%, 9: 6.0%, 10: 93.6%, 11: 0.3%"
ST001D01T,Tabula,categorical,1.000,"8: 0.1%, 9: 5.7%, 10: 94.2%, 11: 0.0%"
ST001D01T,TapTap,categorical,1.000,"8: 0.5%, 9: 4.0%, 10: 95.3%, 11: 0.2%"
ST004D01T,REAL,categorical,,"1.0: 48.0%, 2.0: 52.0%"
ST004D01T,CTGAN,categorical,1.000,"1: 50.5%, 2: 49.5%"
ST004D01T,GReaT,categorical,1.000,"1: 53.7%, 2: 46.3%"
ST004D01T,PredLLM,categorical,1.000,"1: 46.8%, 2: 53.2%"
ST004D01T,REaLTabFormer,categorical,1.000,"1: 46.6%, 2: 53.4%"
ST004D01T,TabDiff,categorical,1.000,"1: 49.3%, 2: 50.7%"
ST004D01T,TabSyn,categorical,1.000,"1: 52.0%, 2: 48.0%"
ST004D01T,Tabula,categorical,1.000,"1: 52.4%, 2: 47.6%"
ST004D01T,TapTap,categorical,1.000,"1: 49.9%, 2: 50.1%"
ST268Q01JA,REAL,ordinal,,"1.0: 11.2%, 2.0: 25.1%, 3.0: 38.6%, 4.0: 25.1%"
ST268Q01JA,CTGAN,ordinal,1.000,"1: 14.3%, 2: 27.7%, 3: 33.9%, 4: 24.2%"
ST268Q01JA,GReaT,ordinal,1.000,"1: 5.8%, 2: 26.1%, 3: 41.9%, 4: 26.2%"
ST268Q01JA,PredLLM,ordinal,1.000,"1: 9.0%, 2: 27.8%, 3: 40.8%, 4: 22.5%"
ST268Q01JA,REaLTabFormer,ordinal,1.000,"1: 11.1%, 2: 24.3%, 3: 38.6%, 4: 26.0%"
ST268Q01JA,TabDiff,ordinal,1.000,"1: 9.9%, 2: 26.8%, 3: 38.6%, 4: 24.6%"
ST268Q01JA,TabSyn,ordinal,1.000,"1: 5.9%, 2: 27.2%, 3: 45.4%, 4: 21.6%"
ST268Q01JA,Tabula,ordinal,1.000,"1: 6.6%, 2: 27.8%, 3: 44.2%, 4: 21.4%"
ST268Q01JA,TapTap,ordinal,1.000,"1: 9.3%, 2: 28.0%, 3: 41.2%, 4: 21.6%"
ST268Q04JA,REAL,ordinal,,"1.0: 11.7%, 2.0: 30.5%, 3.0: 39.1%, 4.0: 18.7%"
ST268Q04JA,CTGAN,ordinal,1.000,"1: 15.5%, 2: 31.9%, 3: 33.9%, 4: 18.7%"
ST268Q04JA,GReaT,ordinal,1.000,"1: 5.7%, 2: 33.0%, 3: 43.5%, 4: 17.9%"
ST268Q04JA,PredLLM,ordinal,1.000,"1: 9.2%, 2: 33.6%, 3: 40.4%, 4: 16.8%"
ST268Q04JA,REaLTabFormer,ordinal,1.000,"1: 12.4%, 2: 27.5%, 3: 41.6%, 4: 18.5%"
ST268Q04JA,TabDiff,ordinal,1.000,"1: 10.5%, 2: 30.9%, 3: 40.3%, 4: 18.3%"
ST268Q04JA,TabSyn,ordinal,1.000,"1: 11.9%, 2: 26.9%, 3: 41.4%, 4: 19.9%"
ST268Q04JA,Tabula,ordinal,1.000,"1: 7.2%, 2: 34.9%, 3: 41.7%, 4: 16.2%"
ST268Q04JA,TapTap,ordinal,1.000,"1: 9.8%, 2: 34.1%, 3: 41.0%, 4: 15.1%"
ST268Q07JA,REAL,ordinal,,"1.0: 1.3%, 2.0: 1.5%, 3.0: 24.1%, 4.0: 73.1%"
ST268Q07JA,CTGAN,ordinal,1.000,"1: 3.8%, 2: 3.9%, 3: 21.8%, 4: 70.5%"
ST268Q07JA,GReaT,ordinal,1.000,"1: 0.1%, 2: 0.1%, 3: 15.8%, 4: 84.0%"
ST268Q07JA,PredLLM,ordinal,1.000,"1: 0.6%, 2: 0.8%, 3: 21.2%, 4: 77.5%"
ST268Q07JA,REaLTabFormer,ordinal,1.000,"1: 3.1%, 2: 0.7%, 3: 21.6%, 4: 74.6%"
ST268Q07JA,TabDiff,ordinal,1.000,"1: 1.1%, 2: 1.4%, 3: 25.1%, 4: 72.4%"
ST268Q07JA,TabSyn,ordinal,1.000,"1: 0.3%, 2: 0.1%, 3: 24.1%, 4: 75.5%"
ST268Q07JA,Tabula,ordinal,1.000,"1: 0.1%, 2: 0.2%, 3: 13.4%, 4: 86.3%"
ST268Q07JA,TapTap,ordinal,1.000,"1: 0.5%, 2: 0.7%, 3: 23.6%, 4: 75.2%"
